feature,decile,mean_w
r2_1,0,0.03772565722465515
r2_1,1,0.05687948688864708
r2_1,2,0.05783085897564888
r2_1,3,0.060314908623695374
r2_1,4,0.06004920229315758
r2_1,5,0.06745918095111847
r2_1,6,0.07776770740747452
r2_1,7,0.08589448034763336
r2_1,8,0.09544170647859573
r2_1,9,0.06009170040488243
r12_2,0,-0.05368269979953766
r12_2,1,0.016657017171382904
r12_2,2,0.03432389721274376
r12_2,3,0.05094235762953758
r12_2,4,0.061584971845149994
r12_2,5,0.08338336646556854
r12_2,6,0.103202223777771
r12_2,7,0.11828622967004776
r12_2,8,0.1290503889322281
r12_2,9,0.11570925265550613
r12_7,0,0.008537114597856998
r12_7,1,0.05643691122531891
r12_7,2,0.06644522398710251
r12_7,3,0.07045494019985199
r12_7,4,0.07989365607500076
r12_7,5,0.08112611621618271
r12_7,6,0.08463052660226822
r12_7,7,0.08818364143371582
r12_7,8,0.0760456845164299
r12_7,9,0.04770352318882942
r36_13,0,0.0510881170630455
r36_13,1,0.06444606184959412
r36_13,2,0.05193746089935303
r36_13,3,0.0719781145453453
r36_13,4,0.07768183946609497
r36_13,5,0.07988277822732925
r36_13,6,0.07844560593366623
r36_13,7,0.07424711436033249
r36_13,8,0.06523901969194412
r36_13,9,0.04450890049338341
ST_Rev,0,0.06009170040488243
ST_Rev,1,0.09544170647859573
ST_Rev,2,0.08589448034763336
ST_Rev,3,0.07776770740747452
ST_Rev,4,0.06745918095111847
ST_Rev,5,0.06004920229315758
ST_Rev,6,0.060314908623695374
ST_Rev,7,0.05783085897564888
ST_Rev,8,0.05687948688864708
ST_Rev,9,0.03772565722465515
LT_Rev,0,0.04450890049338341
LT_Rev,1,0.06523901969194412
LT_Rev,2,0.07424711436033249
LT_Rev,3,0.07844560593366623
LT_Rev,4,0.07988277822732925
LT_Rev,5,0.07768183946609497
LT_Rev,6,0.0719781145453453
LT_Rev,7,0.05193746089935303
LT_Rev,8,0.06444606184959412
LT_Rev,9,0.0510881170630455
Investment,0,0.049596477299928665
Investment,1,0.09684672951698303
Investment,2,
Investment,3,
Investment,4,
Investment,5,
Investment,6,
Investment,7,
Investment,8,
Investment,9,0.06500072777271271
NOA,0,0.06249823793768883
NOA,1,0.07130098342895508
NOA,2,0.0874062329530716
NOA,3,0.06204210966825485
NOA,4,0.0770634114742279
NOA,5,0.07843334227800369
NOA,6,0.0733688697218895
NOA,7,0.07178302109241486
NOA,8,0.06227171793580055
NOA,9,0.013288235291838646
DPI2A,0,0.06403753161430359
DPI2A,1,0.0913531631231308
DPI2A,2,
DPI2A,3,
DPI2A,4,
DPI2A,5,
DPI2A,6,
DPI2A,7,
DPI2A,8,
DPI2A,9,0.06447333097457886
NI,0,-0.02025775797665119
NI,1,0.017835255712270737
NI,2,-0.006695229560136795
NI,3,0.06960886716842651
NI,4,0.042965978384017944
NI,5,0.12169858068227768
NI,6,0.12200629711151123
NI,7,0.06759364902973175
NI,8,0.14076317846775055
NI,9,0.09945034980773926
OP,0,-0.05574464052915573
OP,1,0.006607607007026672
OP,2,0.0351114496588707
OP,3,0.05597836151719093
OP,4,0.07373762130737305
OP,5,0.10255658626556396
OP,6,0.11854671686887741
OP,7,0.09549470990896225
OP,8,0.108343206346035
OP,9,0.11880268156528473
ROA,0,-0.05571715906262398
ROA,1,0.013229884207248688
ROA,2,0.0387951135635376
ROA,3,0.0479898639023304
ROA,4,0.08725722879171371
ROA,5,0.08272743970155716
ROA,6,0.12691473960876465
ROA,7,0.10141541063785553
ROA,8,0.08907251805067062
ROA,9,0.1277080774307251
ROE,0,0.0009369952604174614
ROE,1,0.02529394067823887
ROE,2,0.035335928201675415
ROE,3,0.08137853443622589
ROE,4,0.08621367812156677
ROE,5,0.058659039437770844
ROE,6,0.08002309501171112
ROE,7,0.10473763197660446
ROE,8,0.09475638717412949
ROE,9,0.09210477769374847
ATO,0,0.017048632726073265
ATO,1,0.045800674706697464
ATO,2,0.05836081877350807
ATO,3,0.0665498748421669
ATO,4,0.07114250212907791
ATO,5,0.08282682299613953
ATO,6,0.08831200003623962
ATO,7,0.08859435468912125
ATO,8,0.08344554156064987
ATO,9,0.057381004095077515
D2A,0,0.009381058625876904
D2A,1,0.03484123572707176
D2A,2,0.05428066849708557
D2A,3,0.08723439276218414
D2A,4,0.09732059389352798
D2A,5,0.10551133006811142
D2A,6,0.07187464088201523
D2A,7,0.08319472521543503
D2A,8,0.06756515800952911
D2A,9,0.04826277866959572
PM,0,-0.055613137781620026
PM,1,0.015556683763861656
PM,2,-0.01231881882995367
PM,3,0.04852071776986122
PM,4,0.0980018824338913
PM,5,0.1010797992348671
PM,6,0.11740197986364365
PM,7,0.12712815403938293
PM,8,0.13450130820274353
PM,9,0.08520538359880447
ME,0,-0.02461511455476284
ME,1,0.0040696123614907265
ME,2,0.03976517915725708
ME,3,0.07020531594753265
ME,4,0.08040378987789154
ME,5,0.09269137680530548
ME,6,0.09198003262281418
ME,7,0.10135967284440994
ME,8,0.10273565351963043
ME,9,0.10086064040660858
A2ME,0,0.074534572660923
A2ME,1,0.09005977213382721
A2ME,2,0.08220817148685455
A2ME,3,0.07699066400527954
A2ME,4,0.08301321417093277
A2ME,5,0.07668785005807877
A2ME,6,0.055869974195957184
A2ME,7,0.058700598776340485
A2ME,8,0.05298532918095589
A2ME,9,0.008405623026192188
BEME,0,0.026717038825154305
BEME,1,0.07808242738246918
BEME,2,0.0822707861661911
BEME,3,0.09444858878850937
BEME,4,0.09514967352151871
BEME,5,0.0738019347190857
BEME,6,0.08056800812482834
BEME,7,0.0712846890091896
BEME,8,0.04618775472044945
BEME,9,0.010947545990347862
C,0,0.013277418911457062
C,1,0.06227101385593414
C,2,0.07218246161937714
C,3,0.07295956462621689
C,4,0.07837534695863724
C,5,0.07704655081033707
C,6,0.062410831451416016
C,7,0.08707757294178009
C,8,0.07132242619991302
C,9,0.06249823793768883
CF,0,0.008348708041012287
CF,1,0.050967954099178314
CF,2,0.05761544778943062
CF,3,0.06442170590162277
CF,4,0.08249087631702423
CF,5,0.09111400693655014
CF,6,0.08471730351448059
CF,7,0.07893413305282593
CF,8,0.08241232484579086
CF,9,0.05837833881378174
CF2P,0,0.023164551705121994
CF2P,1,0.06068944185972214
CF2P,2,0.06349054723978043
CF2P,3,0.06627938151359558
CF2P,4,0.04993218183517456
CF2P,5,0.05546025559306145
CF2P,6,0.08265703916549683
CF2P,7,0.09340403974056244
CF2P,8,0.09315970540046692
CF2P,9,0.07117758691310883
D2P,0,0.11012206971645355
D2P,1,0.057622030377388
D2P,2,0.05600293353199959
D2P,3,0.06148981675505638
D2P,4,0.0762525200843811
D2P,5,0.08242610096931458
D2P,6,
D2P,7,0.06170310080051422
D2P,8,0.06536455452442169
D2P,9,0.04133521392941475
E2P,0,-0.04528385028243065
E2P,1,0.03942670300602913
E2P,2,0.06205480918288231
E2P,3,0.08931762725114822
E2P,4,0.08131074160337448
E2P,5,0.08496265113353729
E2P,6,0.07513931393623352
E2P,7,0.08925557881593704
E2P,8,0.0934155061841011
E2P,9,0.09062156081199646
Q,0,0.05274186655879021
Q,1,0.08718280494213104
Q,2,0.09320953488349915
Q,3,0.09235449880361557
Q,4,0.1237495169043541
Q,5,0.0661536306142807
Q,6,0.06919033080339432
Q,7,0.057246871292591095
Q,8,0.038620106875896454
Q,9,-0.02099037729203701
S2P,0,0.07886210829019547
S2P,1,0.09227533638477325
S2P,2,0.07264164835214615
S2P,3,0.06776008754968643
S2P,4,0.06753263622522354
S2P,5,0.07088308036327362
S2P,6,0.06726838648319244
S2P,7,0.04735223576426506
S2P,8,0.05765365809202194
S2P,9,0.0372246578335762
Lev,0,0.05291532352566719
Lev,1,0.08146415650844574
Lev,2,0.0885109007358551
Lev,3,0.10329785197973251
Lev,4,0.12470882385969162
Lev,5,0.07483197003602982
Lev,6,0.06455016881227493
Lev,7,0.04791928082704544
Lev,8,0.04105755686759949
Lev,9,-0.019783880561590195
AC,0,0.03544403985142708
AC,1,0.05785113200545311
AC,2,0.05417148396372795
AC,3,0.07390819489955902
AC,4,0.10082071274518967
AC,5,0.09338526427745819
AC,6,0.10613251477479935
AC,7,0.07493811100721359
AC,8,0.056035399436950684
AC,9,0.006747482344508171
OL,0,0.03952096775174141
OL,1,0.04393690079450607
OL,2,0.050896499305963516
OL,3,0.06350475549697876
OL,4,0.0836741030216217
OL,5,0.09979242086410522
OL,6,0.07747117429971695
OL,7,0.0824001356959343
OL,8,0.07649394124746323
OL,9,0.04175735265016556
PCM,0,-0.032334960997104645
PCM,1,0.015546255744993687
PCM,2,0.04040922224521637
PCM,3,0.09706709533929825
PCM,4,0.07690589129924774
PCM,5,0.08596237003803253
PCM,6,0.11760879307985306
PCM,7,0.12092842906713486
PCM,8,0.0948069840669632
PCM,9,0.042523887008428574
logAT,0,-0.0016569599974900484
logAT,1,0.03696903586387634
logAT,2,0.06745649874210358
logAT,3,0.0713285505771637
logAT,4,0.06648457050323486
logAT,5,0.058819450438022614
logAT,6,0.07357419282197952
logAT,7,0.06820641458034515
logAT,8,0.05588182434439659
logAT,9,0.16299571096897125
LME,0,-0.00661221519112587
LME,1,0.028587307780981064
LME,2,0.041781947016716
LME,3,0.05891946703195572
LME,4,0.07092224061489105
LME,5,0.0794365406036377
LME,6,0.08468659222126007
LME,7,0.0955100953578949
LME,8,0.0989350974559784
LME,9,0.10728763788938522
LTN,0,-0.12269314378499985
LTN,1,-0.07782600820064545
LTN,2,-0.030822735279798508
LTN,3,0.07851342856884003
LTN,4,0.08959635347127914
LTN,5,0.1009664461016655
LTN,6,0.12098191678524017
LTN,7,0.14385893940925598
LTN,8,0.16754987835884094
LTN,9,0.18933163583278656
Rel2High,0,-0.16105541586875916
Rel2High,1,-0.0542210228741169
Rel2High,2,-0.0010487440740689635
Rel2High,3,0.03318728879094124
Rel2High,4,0.05260389298200607
Rel2High,5,0.0964236781001091
Rel2High,6,0.13242314755916595
Rel2High,7,0.1490945816040039
Rel2High,8,0.190569669008255
Rel2High,9,0.22147689759731293
Var20,0,0.039315901696681976
Var20,1,0.06348194181919098
Var20,2,0.07251670211553574
Var20,3,0.07625240087509155
Var20,4,0.07815315574407578
Var20,5,0.06947530061006546
Var20,6,
Var20,7,0.11727426946163177
Var20,8,0.03708910942077637
Var20,9,-0.012487019412219524
Alpha,0,-0.11561056971549988
Alpha,1,-0.02045554481446743
Alpha,2,0.01340636145323515
Alpha,3,0.03824625909328461
Alpha,4,0.06298708915710449
Alpha,5,0.15184026956558228
Alpha,6,0.09980811178684235
Alpha,7,0.1181514710187912
Alpha,8,0.14650903642177582
Alpha,9,0.16457533836364746
Beta,0,0.06381148099899292
Beta,1,0.07249632477760315
Beta,2,0.061729177832603455
Beta,3,0.06033140420913696
Beta,4,0.05553719773888588
Beta,5,0.12416369467973709
Beta,6,0.05229559540748596
Beta,7,0.05547592043876648
Beta,8,0.05522782355546951
Beta,9,0.04172984138131142
IdioVol,0,0.05563409999012947
IdioVol,1,0.06003320589661598
IdioVol,2,0.0687447190284729
IdioVol,3,0.06591083109378815
IdioVol,4,0.0629764199256897
IdioVol,5,0.06852908432483673
IdioVol,6,0.13006256520748138
IdioVol,7,0.06306752562522888
IdioVol,8,0.048030585050582886
IdioVol,9,-0.0020556729286909103
ResidVar,0,0.0627223551273346
ResidVar,1,0.0337991863489151
ResidVar,2,0.04049931839108467
ResidVar,3,0.06582812964916229
ResidVar,4,0.0862911194562912
ResidVar,5,0.0873882994055748
ResidVar,6,0.08144918084144592
ResidVar,7,0.13115783035755157
ResidVar,8,0.0472332201898098
ResidVar,9,-0.00743740564212203
